Review ID,Product Name,Rating,Review Content,Timestamp,Customer Email,Product Category,Order Value,Fulfillment Status,Shipping Country,Rating Missing
bdd640fb-0667-4ad1-9c80-317fa3b1799d,Cross-group web-enabled encoding,,Pressure let kind degree list top somebody college be middle plan friend stand seem pull different current agency each little sure authority increase picture create recent manager.,2025-03-04 01:23:13,williamsdarlene@baker.org,Evening Gowns,,Fulfilled,Germany,True
23b8c1e9-3924-46de-beb1-3b9046685257,Down-sized incremental matrix,1.0,Challenge reach throughout team those sing despite sound receive let newspaper.,2025-05-10 16:21:32,ismall@may-turner.com,Prom Dresses,197.72,,Australia,False
972a8469-1641-4f82-8b9d-2434e465e150,Centralized composite implementation,,Other wear through partner rest.,2025-05-18 18:41:54,vmarshall@hotmail.com,Prom Dresses,338.67,Delayed,United States,True
17fc695a-07a0-4a6e-8822-e8f36c031199,Adaptive human-resource firmware,3.0,Interview trade knowledge city technology late seem style everyone sing machine dream key require doctor from throw ball.,2025-01-13 14:38:16,michelle55@anderson-wood.net,Plus Size Dresses,491.52,Cancelled,Germany,False
9a1de644-815e-46d1-bb8f-aa1837f8a88b,Persevering executive interface,2.0,Discuss really relationship ask imagine my indeed.,2025-04-17 19:10:20,john14@wright-davis.com,Cocktail Dresses,472.66,Fulfilled,Canada,False
b74d0fb1-32e7-4629-8fad-c1a606cb0fb3,Total upward-trending toolset,2.0,Strategy hope show watch affect thing offer local wall fear hope.,2025-04-16 06:42:06,kwright@yahoo.com,Prom Dresses,486.68,Delaye,United States,False
6b65a6a4-8b81-48f6-b38a-088ca65ed389,Realigned stable structure,2.0,Mrs same son today major event magazine home protect something right subject try wonder move trade option production base investment.,2025-02-26 09:11:10,kathrynjimenez@hotmail.com,Cocktail Dresses,483.14,Fulfilled,Canada,False
47378190-96da-4dac-b2ff-5d2a386ecbe0,Pre-emptive coherent core,,Consider employee force lawyer front they everything week instead strong like see appear weight difference attention whatever American all easy.,2025-02-28 05:53:57,fkoch@gmail.com,Plus Size Dresses,98.78,Cancelled,United Kingdom,True
6c307511-b2b9-437a-a8df-6ec4ce4a2bbd,Reduced user-facing moratorium,,Let eight hard paper white responsibility sing clearly find official up office traditional heart walk cup option.,2025-05-19 05:16:15,pharper@hotmail.com,Bridesmaid Dresses,322.79,Fufilled,Germany,True
371ecd7b-27cd-4130-8722-9389571aa876,Centralized value-added functionalities,,Drug recent feeling range south someone not American mouth product attention positive actually information majority item gun through least check computer miss.,2025-05-18 18:48:24,amanda16@gmail.com,Plus Size Dresses,223.34,Returned,Canada,True
1a2a73ed-562b-4f79-8374-59eef50bea63,Centralized actuating paradigm,5.0,Pattern try simple let stay or focus early various everything late seek now property.,2025-05-16 23:15:29,kathryn50@yahoo.com,,164.63,Returned,United Kingdom,False
5be6128e-18c2-4797-a142-ea7d17be3111,Polarized motivating moderator,1.0,Agreement surface consider deep something future they.,2025-05-04 19:53:51,michaelroberts@gordon-duran.com,Prom Dresses,50.76,Fufilled,United Kingdom,False
759cde66-bacf-43d0-8b1f-9163ce9ff57f,Configurable contextually-based architecture,4.0,Major serve real position make society.,2025-03-12 04:40:32,cporter@taylor.info,Evening Gowns,383.88,Fulfilled,United States,False
ec1b8ca1-f91e-4d4c-9ff4-9b7889463e85,Right-sized asymmetric service-desk,1.0,Family identify during professional hard.,2025-04-09 18:58:25,catherinerobertson@yahoo.com,,213.9,Delaye,United States,False
4b0dbb41-8d52-48f1-942c-3fe860e7a113,Front-line impactful capability,1.0,Most international second former reflect even edge building court build movie several continue describe machine right with modern executive beyond.,2025-02-13 13:02:30,phillipjensen@yahoo.com,Prom Dresses,348.91,Fufilled,Australia,False
e2acf72f-9e57-4f7a-a0ee-89aed453dd32,Re-contextualized dynamic paradigm,1.0,Fast guess few remain call animal approach factor want point sell bill.,2025-01-24 13:35:24,terickson@yahoo.com,Prom Dresses,191.26,,Canada,False
3139d32c-93cd-49bf-9c94-1cf0dc98d2c1,Right-sized 6thgeneration process improvement,2.0,Off light key continue anything wait local state husband available.,2025-02-09 00:38:11,mark16@parker.com,Cocktail Dresses,373.89,Fufilled,United Kingdom,False
a9488d99-0bbb-4599-91ce-5dd2b45ed1f0,Configurable intangible protocol,2.0,Rather charge specific we be easy newspaper indicate other peace simply herself training father open investment notice art whether between several personal enough ball dream necessary choose impact.,2025-01-27 23:12:47,tammy99@gmail.com,Plus Size Dresses,189.18,Delayed,Canada,False
ddd1dfb2-3b98-4ef8-9af6-1a26146d3f31,Intuitive empowering database,5.0,Author do enough social operation sound cup.,2025-04-06 22:18:32,leescott@hernandez-vaughn.biz,Prom Dresses,107.28,Fufilled,Germany,False
7412b293-4729-4739-a14f-f3d719db3ad0,Synchronized transitional functionalities,1.0,Name positive training step author coach film see notice eye buy read record wall.,2025-01-06 02:29:32,thorntonapril@hotmail.com,Prom Dresses,473.16,,Australia,False
29a3b2e9-5d65-4441-9588-42dea2bc372f,Front-line empowering infrastructure,5.0,Music just our threat same page ago director purpose team onto again share start office several.,2025-03-12 01:53:58,ufox@gmail.com,Cocktail Dresses,456.26,Cancelled,United Kingdom,False
ab9099a4-35a2-40ae-9af3-05535ec42e08,De-engineered static project,2.0,Like prepare trouble consider one play man before girl four prove tax form.,2025-04-18 13:55:37,amy49@yahoo.com,Prom Dresses,185.43,,Germany,False
a28defe3-9bf0-4273-9247-6f57a5e5a5ab,Versatile asynchronous access,,Already because education break significant ten stay ability thank left approach million performance material.,2025-03-13 15:15:02,ybailey@hotmail.com,Bridesmaid Dresses,243.45,Delaye,Australia,True
3eabedcb-baa8-4dd4-88bd-64072bcfbe01,Persevering regional open system,,Service data near until just recognize building win participant.,2025-04-01 18:16:08,david86@yahoo.com,,344.62,,United Kingdom,True
451b4cf3-6123-4df7-b656-af7229d4beef,Cross-platform asynchronous monitoring,5.0,Report financial add impact different.,2025-04-18 02:51:39,kellyroberts@hotmail.com,Plus Size Dresses,248.97,Fulfilled,Germany,False
b02b61c4-a3d7-4628-ace6-6fa2fd5166e6,Extended motivating firmware,4.0,Left brother strategy marriage respond meeting event strong.,2025-01-26 04:46:39,sandra47@harris.com,Evening Gowns,262.93,,Australia,False
5304317f-af42-412f-b838-b3268e944239,De-engineered grid-enabled architecture,2.0,During necessary himself two meet these tell everybody so increase various meet star executive fear only your majority chance Mrs generation necessary.,2025-04-29 19:53:09,danielyang@gmail.com,Plus Size Dresses,408.21,Delaye,Australia,False
0e51f30d-c6a7-4e39-84b0-32ccd7c524a5,Fully-configurable holistic forecast,4.0,Help usually thank wonder draw him task improve fish.,2025-01-17 17:47:35,santiagoamanda@hall.info,Prom Dresses,88.16,,United Kingdom,False
ce177b4e-0837-48a3-9261-a7ab3aa2e4f9,Diverse leadingedge moratorium,5.0,Relate specific history professional star wonder manager already maybe.,2025-01-13 18:24:30,adampierce@russell.info,Bridesmaid Dresses,334.82,Fulfilled,Australia,False
10f1bc81-448a-4a9e-a6b2-bc5b50c187fc,Triple-buffered exuding pricing structure,3.0,Forward beyond suddenly between treat address century that wide avoid sit enter perhaps however bag forget purpose move west phone thought maintain must pay doctor.,2025-03-02 01:23:57,manuel01@andrews.com,Plus Size Dresses,418.29,Cancelled,Australia,False
9132b63e-f162-47e4-a9c3-49e03602f8ac,Streamlined multi-tasking access,1.0,Young section its better plant their kitchen really tough animal someone fall.,2025-03-19 07:33:35,lkhan@osborn.info,Prom Dresses,352.76,Delaye,Australia,False
366eb16f-508e-4ad7-b7c9-3acfe059a0ee,Synchronized neutral framework,2.0,Issue each include radio conference company.,2025-05-20 05:09:09,nancy04@morrison.info,Prom Dresses,139.61,Returned,Canada,False
e27a984d-6548-41d0-bfcd-9eb1a7cad415,Switchable bi-directional challenge,,That people drive tree central leave effect effort act source top quality citizen kid generation onto.,2025-05-20 14:10:31,melissamcdonald@gmail.com,Bridesmaid Dresses,,Fufilled,United States,True
24933b83-7577-40a9-a491-f0b2ea1fca65,Fundamental bifurcated benchmark,4.0,Real lead few yourself table blood high grow fast recognize against.,2025-04-03 22:44:27,francisco74@lopez.org,Plus Size Dresses,263.81,Cancelled,Canada,False
beb79919-3f22-4af8-a3be-d01d43cf2fde,User-friendly neutral collaboration,3.0,Ever not rate seat any.,2025-04-13 01:55:09,cherylfowler@wilcox-robertson.com,Plus Size Dresses,82.77,Fulfilled,Australia,False
956269f0-e5d7-4875-adad-d6c795a76d79,Expanded transitional Graphical User Interface,2.0,Seat strategy total simply discover soon.,2025-03-21 12:05:54,greenjoe@finley-turner.org,Prom Dresses,363.36,Fufilled,Germany,False
ff50bde4-3825-47b8-9cab-cc97663f1c97,Expanded systemic productivity,2.0,Pm per question return process stuff pick tough position final kid often run bed far section compare.,2025-04-22 15:13:50,desiree30@wilson.net,Cocktail Dresses,159.79,Cancelled,Canada,False
7e570ddf-8270-40a8-a369-b584ff5e9ff0,Fundamental motivating matrix,3.0,Skill theory hand maybe evening.,2025-01-15 07:42:11,fowlershelia@yahoo.com,Plus Size Dresses,52.5,Fulfilled,Canada,False
dc713d96-0c0f-4195-817a-f08a1745d6d8,Function-based actuating array,1.0,Either station loss southern second full boy while cell whom team right woman whose source hand.,2025-01-25 08:03:54,susanmendoza@adkins-obrien.biz,,396.52,,Canada,False
28f49481-a0a0-4dc4-a720-9bdf1c11f735,Sharable interactive focus group,1.0,Add Mr lawyer pull public once state wait board doctor agent this no trip determine as statement travel few impact.,2025-03-03 13:27:21,kathleenbecker@hotmail.com,Plus Size Dresses,241.32,Returned,United Kingdom,False
98ae4334-6c12-4ce8-ae34-0454cac5b68c,Balanced 24hour groupware,4.0,Animal also you break doctor Mr home he we recent music onto.,2025-05-05 17:30:53,xrice@stark.com,Evening Gowns,481.08,,Australia,False
988c24c9-61b1-4d22-a280-1c4510435a10,Visionary clear-thinking productivity,1.0,Those pressure street past voice evidence real describe know door guy wonder happen top population.,2025-01-15 09:38:02,franklinbond@wilson-harris.org,Prom Dresses,72.6,Returned,Germany,False
405cacec-8774-49a9-b7d2-1e02ff01cf99,Fundamental cohesive support,3.0,Huge couple business summer lawyer production.,2025-03-29 09:01:59,nolansean@gmail.com,Cocktail Dresses,431.75,Fulfilled,Germany,False
f143262f-dc5c-4eed-8da0-365bf89897b9,Organic neutral strategy,3.0,Wife anything four writer skin day stop never only spend do similar small other everyone worker would music sometimes body.,2025-04-01 10:56:24,williambryant@gmail.com,Plus Size Dresses,410.64,Returned,Germany,False
1d53434b-b881-49b9-ae27-0da702f06b90,Optimized next generation access,5.0,Capital group small open administration enter camera inside.,2025-05-13 01:32:15,jennifer64@gmail.com,Evening Gowns,494.55,Cancelled,Australia,False
c0398710-8976-4334-a281-7efdae849217,Customizable asynchronous solution,3.0,Second live sing message board mean war analysis situation term miss leader who article.,2025-04-11 11:04:20,williamsmelvin@weaver.com,Evening Gowns,477.52,Fufilled,United States,False
5715bd6f-a416-4293-84c2-e2e3444ea7c8,Distributed needs-based alliance,1.0,Suggest international blue Republican kitchen tonight focus chance call person one Republican.,2025-03-08 21:33:18,mitchellhector@gmail.com,Prom Dresses,325.69,,Canada,False
287d06ca-6f4c-469a-8b22-d3081c8eaee9,Multi-layered optimal neural-net,,Yes most law painting between reduce table prepare shoulder result Democrat later direction fund.,2025-01-25 22:04:57,victoria67@yahoo.com,Bridesmaid Dresses,277.15,Returned,Australia,True
f8cda88b-436d-46e2-b83c-fe0be037e5ed,Balanced fault-tolerant hierarchy,5.0,Human role fine fine effort well rather listen before be it.,2025-05-05 05:39:20,david86@anderson.com,Bridesmaid Dresses,384.64,Delayed,Australia,False
5fb8d16c-2720-497d-b2eb-d6899be578c7,Realigned incremental process improvement,5.0,Test return why outside goal.,2025-03-26 00:08:50,wheelersean@warner.biz,Prom Dresses,173.57,Delaye,Germany,False
f4188f3f-8a14-4e62-a95b-4715c333e861,User-friendly coherent encoding,3.0,Medical choice lot suggest glass news boy everything difficult investment night should perform push.,2025-04-08 15:30:54,amberwebster@gmail.com,Prom Dresses,178.58,Fufilled,Canada,False
eb2263dd-87c5-421e-ac24-a3c5c754108f,Diverse context-sensitive installation,,Ago upon stop environment Congress reflect finally fund accept thank not.,2025-01-11 18:14:33,jim95@harper.com,Bridesmaid Dresses,193.87,Cancelled,Australia,True
7d154385-52fb-443b-9954-6eb400257ad1,Assimilated context-sensitive support,5.0,Attorney scientist will begin most heavy law church find food walk other third choose senior anyone bank kitchen interest.,2025-01-25 02:37:57,roberthill@fry.biz,Evening Gowns,112.27,Delaye,United States,False
5cec4eb5-edd9-4831-9ca3-5cfb04fc6d82,Managed zero tolerance installation,3.0,Kind event sense box involve exist question main project animal house out account feeling deep case eight foreign account section compare herself region matter.,2025-04-11 14:31:51,comptonshelly@hotmail.com,Prom Dresses,362.28,,United States,False
ce88cb2d-d4e8-4839-bc3e-058be0f3eab0,Synchronized user-facing workforce,5.0,Author technology amount affect TV television office of remember.,2025-01-30 17:06:13,heather62@yahoo.com,Bridesmaid Dresses,78.9,Delaye,Germany,False
14296c07-f26b-4776-913e-4de2e0c53cb8,Total bi-directional implementation,,Face if whom commercial way least ready gun join black job hundred bad that second.,2025-02-01 23:21:27,lindamelendez@hotmail.com,Bridesmaid Dresses,143.08,Returned,Canada,True
d0e6e660-7c69-4ee1-bb5e-4bcf15ed6269,Automated methodical definition,1.0,Four collection member box member town glass road standard spring door chair culture own.,2025-02-01 10:49:14,igrant@yahoo.com,Evening Gowns,457.18,Returned,United Kingdom,False
a8e56e0c-20de-435d-a031-d750c40db9b4,Integrated discrete definition,,Less nor often race think poor worry.,2025-05-18 17:43:38,nicholas99@russo.org,Prom Dresses,394.52,,United States,True
9b49bd26-df57-459a-8715-a10343dac043,Open-architected full-range focus group,3.0,Ten physical character attention kind field.,2025-03-09 04:35:03,srocha@padilla.com,Prom Dresses,389.06,Delaye,Australia,False
edcd465e-3638-4821-b6e0-7cc06c52c49f,Cloned zero administration focus group,1.0,Option goal avoid left also hard expert popular.,2025-04-11 18:14:20,powens@yahoo.com,Cocktail Dresses,479.04,Cancelled,United Kingdom,False
66245bfa-4fcc-439a-b683-d2e6337ea2df,Open-architected systematic monitoring,1.0,Last special prepare focus little character artist.,2025-01-16 07:30:49,robin55@yahoo.com,Prom Dresses,321.46,,United Kingdom,False
7394988f-847f-49b4-a64d-1bcb702753a1,Fundamental context-sensitive paradigm,3.0,Mean common easy just keep mission city health executive impact full our smile positive.,2025-02-08 02:49:59,jerry93@pierce-harding.com,Cocktail Dresses,63.06,,Canada,False
8dcdcd03-969b-4662-8562-8059568cc69b,Right-sized intermediate hardware,,Form newspaper hit edge surface who owner character bank professional true financial prevent.,2025-04-17 23:06:25,yjackson@yahoo.com,Cocktail Dresses,124.27,Cancelled,Australia,True
01d74256-3860-4ab6-96a4-02f23ae8cc93,Upgradable zero tolerance functionalities,3.0,Can remember be next poor.,2025-02-23 07:02:04,jenniferfreeman@mooney.com,Bridesmaid Dresses,107.43,Returned,United Kingdom,False
0f1259e0-a18f-46b6-b535-106e122c9a56,Optional real-time migration,2.0,Spend prove stock school rate money position interest gun guy.,2025-01-25 07:20:09,gutierrezmegan@jones.com,Bridesmaid Dresses,62.13,Delayed,United States,False
080aadfb-e7c9-4b26-9141-25c63a9bedd4,Customizable human-resource orchestration,3.0,Week game she court yourself choice fast small medical music school money product then.,2025-05-02 08:48:55,nbrooks@estrada.info,Cocktail Dresses,303.98,,United States,False
839fbc50-1223-4513-9496-f63cdc1110c1,Ergonomic eco-centric analyzer,3.0,Capital heavy class story side speak close join improve put down know expect security large move finally speak light strong.,2025-02-28 19:15:53,patelrobert@moreno.net,Evening Gowns,,Returned,United Kingdom,False
7c441fe7-ab42-40a7-874a-493b3ceddf2d,Triple-buffered intermediate ability,2.0,Question now key show sing me industry class.,2025-04-30 07:26:35,shawheidi@yahoo.com,Bridesmaid Dresses,111.06,Delaye,United Kingdom,False
b92da22b-21df-406f-8a0b-3c3336d8393a,Programmable national software,,Soon catch economic political them never bill suffer surface expect several evening.,2025-04-14 14:11:16,hullalice@lee.com,Prom Dresses,72.63,Delaye,United States,True
93829b43-922f-415a-a1e3-db63ef7ddc76,Up-sized user-facing support,3.0,Challenge join watch develop later glass ago apply maybe dog yes heart agreement us stuff practice social case expert stop receive.,2025-01-19 03:24:28,laura15@yahoo.com,Cocktail Dresses,145.25,Fufilled,Germany,False
7914c120-c8dc-419f-be35-11287900f7f9,Synchronized dedicated hierarchy,,Serve light past town affect democratic change vote participant institution simply down business draw police.,2025-04-08 14:09:38,veronicaperez@hotmail.com,Cocktail Dresses,392.55,Returned,United States,True
1825bc54-30be-445f-a835-14f2ceb81f9d,Optional asymmetric secured line,,Lead book toward others administration middle drop century investment pass drive indicate professor beat window attack moment medical write never hospital like player wonder effect.,2025-05-05 11:13:04,davisnicholas@alvarez.com,Plus Size Dresses,388.4,Cancelled,Canada,True
5ab33edf-6e59-4ed3-a8b3-17fa18d0752b,Managed regional functionalities,,Ground attack drop price billion old series.,2025-02-02 17:54:00,vnewman@hotmail.com,Bridesmaid Dresses,163.52,Fulfilled,Canada,True
a748dbcf-ac61-4e63-8dde-29a6baa4b71a,Innovative motivating function,5.0,Store range wonder long consider care respond want already cut social though firm financial huge spring.,2025-04-23 18:00:31,whitemelissa@gmail.com,Cocktail Dresses,499.96,,Australia,False
310c0c00-3fa7-4104-9bf9-0e27dc96925e,Reactive clear-thinking core,5.0,Tend forward buy happy threat sea thus hit wind many marriage under.,2025-05-08 21:55:03,davisjesse@gmail.com,Cocktail Dresses,477.33,Returned,United States,False
23e2fcb4-72d8-467d-894a-05e430b187ef,Operative static implementation,,Entire bar interesting issue yet Congress family bill foreign fast knowledge response coach know language risk treatment past itself police social arm provide.,2025-05-02 06:17:02,unovak@gmail.com,Cocktail Dresses,59.17,Delayed,Germany,True
766ecb15-474e-4c19-aef9-12766c006f61,Synergistic value-added conglomeration,2.0,Guy song quickly well central parent sit alone attack sing hand him note painting quickly we head several off morning huge.,2025-05-20 22:23:31,whenry@hotmail.com,,106.8,Cancelled,United Kingdom,False
a6f2f7b8-0cf3-4b58-9910-8be58ce21ea3,Innovative executive database,4.0,Trial brother simple region Democrat partner really your customer career.,2025-04-20 10:39:01,adamsnorman@moore.com,Cocktail Dresses,125.51,Cancelled,Germany,False
03c72ba8-d605-4770-8a63-f881ffd0f9d5,Optional zero tolerance paradigm,3.0,Later together knowledge because radio suffer.,2025-01-08 23:58:45,sean41@miller.info,Cocktail Dresses,386.57,Cancelled,Canada,False
